<?xml version="1.0" encoding="UTF-8"?>
<!DOCTYPE hibernate-mapping PUBLIC "-//Hibernate/Hibernate
Mapping DTD 3.0//EN"
"http://hibernate.sourceforge.net/hibernate-mapping-3.0.dtd">
<hibernate-mapping>
    <class catalog="1412573_hibernate" name="model.pojo.StudentLogin" table="student_login">
        <id name="userID" type="string">
            <column length="7" name="user_id"/>
            <generator class="assigned"/>
        </id>
        <property name="password" type="string">
            <column length="50" name="password"/>
        </property>
    </class>
</hibernate-mapping>