<?xml version="1.0" encoding="UTF-8"?>
<!DOCTYPE hibernate-mapping PUBLIC "-//Hibernate/Hibernate
Mapping DTD 3.0//EN"
"http://hibernate.sourceforge.net/hibernate-mapping-3.0.dtd">
<hibernate-mapping>
    <class catalog="1412573_hibernate" name="model.pojo.SubjectName" table="subject_name">
        <id name="id" type="int">
            <column name="id"/>
            <generator class="increment"/>
        </id>
        <property name="name" type="string">
            <column length="50" name="name"/>
        </property>
    </class>
</hibernate-mapping>